Название светильника,Цена,Ссылка
Торшер Ральф Beige,18 190,https://www.divan.ru/product/torsher-ralf-beige
Подвесной светильник Ферум Orange,5190,https://www.divan.ru/product/podvesnoj-svetilnik-ferum-orange
Настольная лампа Нидлс Raffia Beige,9090,https://www.divan.ru/product/nastolnaya-lampa-nidls-raffia-beige
Подвесной светильник Малинг Black,6490,https://www.divan.ru/product/podvesnoj-svetilnik-maling-black
Торшер Грено-2 Beige,18 190,https://www.divan.ru/product/torsher-greno-2-beige
Торшер Бьйорк White,10 390,https://www.divan.ru/product/torsher-bjork-white
Подвесной светильник Нидлс Beige,7790,https://www.divan.ru/product/podvesnoj-svetilnik-nidls-beige
Настольная лампа Машрум-2 Black,6490,https://www.divan.ru/product/nastolnaya-lampa-mashrum-2-black
Настольная лампа Арбет White,2590,https://www.divan.ru/product/nastolnaya-lampa-arbet-white
Торшер Вена Black,15 590,https://www.divan.ru/product/torsher-vena-black
Нет названия,Нет цены,https://www.divan.ru/irkutsk/category/offer-darim-skidki
Торшер Бинду Beige,22 090,https://www.divan.ru/product/torsher-bindu-beige
Торшер Ларри Black,18 190,https://www.divan.ru/product/torsher-larri-black
Настольная лампа Сфера Orange,7790,https://www.divan.ru/product/nastolnaya-lampa-sfera-orange
Бра Смастен White,6490,https://www.divan.ru/product/bra-smasten-white
Торшер Алней-1 Black,10 390,https://www.divan.ru/product/torsher-alnej-1-black
Настольная лампа Арвика Wood,5190,https://www.divan.ru/product/nastolnaya-lampa-arvika-wood
Настольная лампа Спайк Orange,1550,https://www.divan.ru/product/nastolnaya-lampa-spajk-orange
Торшер Нидлс-2 Black,20 790,https://www.divan.ru/product/torsher-nidls-2-black
Нет названия,Нет цены,https://divanru.petrovich.ru/?utm_source=partners&utm_medium=banner&utm_campaign=divan&utm_content=listing
Настольная лампа Алней Beige,7790,https://www.divan.ru/product/nastolnaya-lampa-alnej-beige
Настольная лампа Нидлс-3 Beige,6490,https://www.divan.ru/product/nastolnaya-lampa-nidls-3-beige
Настольная лампа Машрум-2 Pink,6490,https://www.divan.ru/product/nastolnaya-lampa-mashrum-2-pink
Торшер Нидлс Khaki,22 090,https://www.divan.ru/product/torsher-nidls-khaki
Торшер Нидлс-2 Beige,20 790,https://www.divan.ru/product/torsher-nidls-2-beige
Люстра Ливсден Brown,20 790,https://www.divan.ru/product/lyustra-livsden-brown
Торшер Алней-1 Beige,10 390,https://www.divan.ru/product/torsher-alnej-1-beige
Торшер Грено-2 Black,18 190,https://www.divan.ru/product/torsher-greno-2-black
Настольная лампа Машрум-2 Gold,7790,https://www.divan.ru/product/nastolnaya-lampa-mashrum-2-gold
Настольная лампа Нидлс-2 Beige,5190,https://www.divan.ru/product/nastolnaya-lampa-nidls-2-beige
Настольная лампа Спайк Green,1550,https://www.divan.ru/product/nastolnaya-lampa-spajk-green
Настольная лампа Машрум-2 Green,6490,https://www.divan.ru/product/nastolnaya-lampa-mashrum-2-green
Нет названия,Нет цены,Нет ссылки
Бра Бракетт White,6490,https://www.divan.ru/product/bra-brakett-white
Торшер Алней-1 Green,10 390,https://www.divan.ru/product/torsher-alnej-1-green
Настольная лампа Алней Black,7790,https://www.divan.ru/product/nastolnaya-lampa-alnej-black
Торшер Ральф White,18 190,https://www.divan.ru/product/torsher-ralf-white
Подвесной светильник Отра Wood,22 090,https://www.divan.ru/product/podvesnoj-svetilnik-otra-wood
Светильник потолочный Орхус White,22 090,https://www.divan.ru/product/svetilnik-potolochnyj-orhus-white
Настольная лампа Раффи Round,9090,https://www.divan.ru/product/nastolnaya-lampa-raffi-round
Торшер Грено-2 Silver,20 790,https://www.divan.ru/product/torsher-greno-2-silver
Торшер Раффи Round,16 890,https://www.divan.ru/product/torsher-raffi-round
Настольная лампа Машрум-2 Grey,6490,https://www.divan.ru/product/nastolnaya-lampa-mashrum-2-grey
Торшер Алней Beige,12 990,https://www.divan.ru/product/torsher-alnej-beige
Подвесной светильник Рена Green,3240,https://www.divan.ru/product/podvesnoj-svetilnik-rena-green
Светильник потолочный Ринга White,5190,https://www.divan.ru/product/svetilnik-potolochnyj-ringa-white
Подвесной светильник Кронор Black,7790,https://www.divan.ru/product/podvesnoj-svetilnik-kronor-black
Подвесной светильник Селау-2 Glass,3240,https://www.divan.ru/product/podvesnoj-svetilnik-selau-2-glass
Подвесной светильник Джамби Rattan,14 290,https://www.divan.ru/product/podvesnoj-svetilnik-djambi-rattan
Бра Пинна Black,6490,https://www.divan.ru/product/bra-pinna-black
Торшер Логмар Black,22 090,https://www.divan.ru/product/torsher-logmar-black
